"Account address","Show boosts"
"@0xf2@fosstodon.org","true"
"@14_15_puzzle@ioc.exchange","true"
"@1kevgriff@bbiz.io","true"
"@abdulkazi@hachyderm.io","true"
"@abt@mastodon.social","true"
"@actualjohn@dataplatform.social","true"
"@adamdriscoll@mastodon.social","true"
"@Adamgruer@fosstodon.org","true"
"@adrianbanks@mastodon.social","true"
"@adron@metalhead.club","true"
"@ajs@hachyderm.io","true"
"@alastairs@hachyderm.io","true"
"@alevyinroc@techhub.social","true"
"@alexthomas@mastodon.world","true"
"@allenmwhite@dataplatform.social","true"
"@alleycatbruno@mas.to","true"
"@allison_horst@mastodon.social","true"
"@allruiz@mastodon.world","true"
"@alzdba@dataplatform.social","true"
"@amaya30@mastodon.spotek.io","true"
"@andersom79@dataplatform.social","true"
"@andrewconnell@mastodon.world","true"
"@andypsilon@fedi.at","true"
"@anupwarrier@techhub.social","true"
"@argenis@mas.to","true"
"@arrowdrive@techhub.social","true"
"@arvisam@mstdn.social","true"
"@Aschenbrenner@mas.to","true"
"@augustocachaves@ursal.zone","true"
"@avatorl@techhub.social","true"
"@awcoding@infosec.exchange","true"
"@ay@awscommunity.social","true"
"@bertilsy@dataplatform.social","true"
"@billinkc@dataplatform.social","true"
"@bjh1977@mastodonapp.uk","true"
"@blowdart@mastodon.social","true"
"@brianary@mastodon.spotek.io","true"
"@bridgetkromhout@hachyderm.io","true"
"@bweissman@dataplatform.social","true"
"@cammerman@mstdn.social","true"
"@camurphy@mastodon.social","true"
"@cathrinew@dataplatform.social","true"
"@CharlieSQL@dataplatform.social","true"
"@chrisadkin@mastodon.iriseden.eu","true"
"@ChrisAVWood@dataplatform.social","true"
"@chrissainty@mstdn.social","true"
"@ChrisW1@mstdn.social","true"
"@chrisw3bb@vivaldi.net","true"
"@clairegiordano@hachyderm.io","true"
"@claudioessilva@dataplatform.social","true"
"@claz0r@mastodon.world","true"
"@clisboa@mastodon.social","true"
"@colinjack@discuss.systems","true"
"@colinmackay@mastodon.Scot","true"
"@collinlysford@mas.to","true"
"@columbaspexit@data-folks.masto.host","true"
"@cooper@x86.social","true"
"@cporteous@techhub.social","true"
"@craigmarch@home.social","true"
"@crazy4pi314@mathstodon.xyz","true"
"@cwoodruff@mastodon.social","true"
"@daisymoon@hachyderm.io","true"
"@damovisa@hachyderm.io","true"
"@danaepp@infosec.exchange","true"
"@dandalions2413@tiktok.com","true"
"@DanielSSilva@techhub.social","true"
"@dataandme@mstdn.social","true"
"@DataMechanic@techhub.social","true"
"@DataScotland@techhub.social","true"
"@dataslugger@mas.to","true"
"@DavidRawheiser@techhub.social","true"
"@dbafromthecold@dataplatform.social","true"
"@dbatools@dataplatform.social","true"
"@dennyglee@hacky.town","true"
"@DerFredo@techhub.social","true"
"@dgmelkin@dataplatform.social","true"
"@dhmacher@dataplatform.social","true"
"@dieterdemeyer@hachyderm.io","true"
"@dm@kan.social","true"
"@donjones@techhub.social","true"
"@downshiftdata@hachyderm.io","true"
"@drguthals@mstdn.social","true"
"@duckwabbit@mastodon.world","true"
"@em_dempster@tech.lgbt","true"
"@EM_SQL@techhub.social","true"
"@emilyriederer@mastodon.social","true"
"@ericiwamoto@mas.to","true"
"@erinstellato@mas.to","true"
"@ExcelAnalytics@mastodon.world","true"
"@exfallsburg@mstdn.social","true"
"@feik@social.cologne","true"
"@fergal@mastodon.fergl.ie","true"
"@figcatchingraptor@infosec.exchange","true"
"@ftrain@tilde.zone","true"
"@funkysi1701@hachyderm.io","true"
"@gastoncruz@mastodon.social","true"
"@GBrayUT@hachyderm.io","true"
"@geo_walters@c.im","true"
"@GGreggB@dataplatform.social","true"
"@Gilamonster@techhub.social","true"
"@giles_s@mastodonapp.uk","true"
"@GlennAlanBerry@techhub.social","true"
"@goebelmeier@mastodon.social","true"
"@gps@hachyderm.io","true"
"@GrantingWeather@mastodon.social","true"
"@grapefruitmoon@mastodon.scot","true"
"@GreyskullPBI@techhub.social","true"
"@grrl_geek@mastodon.world","true"
"@Grumpydev@mastodon.social","true"
"@gt1gt1@dataplatform.social","true"
"@IISResetMe@infosec.exchange","true"
"@ijoyce@mastodon.sdf.org","true"
"@infosecvandana@infosec.exchange","true"
"@itaryan@mastodon.ie","true"
"@j_opdenakker@infosec.exchange","true"
"@JamesDBartlett3@techhub.social","true"
"@jansche@mastodon.online","true"
"@janvanhumbeek@dataplatform.social","true"
"@jasonnkyle@infosec.exchange","true"
"@JasonSquires@dataplatform.social","true"
"@jdanton@techhub.social","true"
"@JeffEdmunds@techhub.social","true"
"@jeffhollan@hachyderm.io","true"
"@jenk@techhub.social","true"
"@jeresig@mastodon.social","true"
"@jk@dataplatform.social","true"
"@jkerski@mastodon.tech","true"
"@jkohlhoff@dataplatform.social","true"
"@JMarkantes@mastodon.cloud","true"
"@joehubbert@hachyderm.io","true"
"@JordanOrdix@home.social","true"
"@jorriss@techhub.social","true"
"@Jpomfret@tech.lgbt","true"
"@Julia_Hayward@mastodon.me.uk","true"
"@juliaferraioli@floss.social","true"
"@JulieLerman@mas.to","true"
"@justB@techhub.social","true"
"@justinjbird@dataplatform.social","true"
"@kaysauter@tech.lgbt","true"
"@kennyneal@dataplatform.social","true"
"@kevin3NF@techhub.social","true"
"@kilasuit@mastodon.social","true"
"@kinshah@dataplatform.social","true"
"@kjonge@techhub.social","true"
"@koen@dataplatform.social","true"
"@kpantos@social.azureheads.gr","true"
"@Lee_Holmes@infosec.exchange","true"
"@leeannepedersen@mstdn.ca","true"
"@leemarkum@dataplatform.social","true"
"@leo@twit.social","true"
"@LeoNardPohl@chaos.social","true"
"@liamcaffrey@data-folks.masto.host","true"
"@lisacrispin@mastodon.social","true"
"@macentee@mastodon.online","true"
"@ManningPublications@techhub.social","true"
"@MariaLuisaFranciolini@mastodon.uno","true"
"@marknca@infosec.exchange","true"
"@martinwoodward@hachyderm.io","true"
"@matthewskelton@mastodon.social","true"
"@mattstratton@hachyderm.io","true"
"@mauridb@fosstodon.org","true"
"@maverick@mastodon.think-privacy.com","true"
"@mbourgon@dataplatform.social","true"
"@mdowst@mastodon.social","true"
"@MeherM@techhub.social","true"
"@mfowler@toot.thoughtworks.com","true"
"@MI77@mastodon.online","true"
"@mihamarkic@mastodon.social","true"
"@mike@dataplatform.social","true"
"@MikeAinOz@aus.social","true"
"@mikebrondbjerg@vis.social","true"
"@milesmcbain@fosstodon.org","true"
"@minecr@fosstodon.org","true"
"@mmarie@techhub.social","true"
"@mmullins@data-folks.masto.host","true"
"@mrjohnmobley@hachyderm.io","true"
"@mssqlgirl@techhub.social","true"
"@mthierba@dataplatform.social","true"
"@n8gis@infosec.exchange","true"
"@napalmgram@mastodon.social","true"
"@naumko@twit.social","true"
"@Nican@furry.engineer","true"
"@niemanlab@mastodon.social","true"
"@nlitchfield@mastodonapp.uk","true"
"@nocentino@techhub.social","true"
"@ntp@mastodon.social","true"
"@nullh@warhammer.social","true"
"@oatmeal@mastodon.social","true"
"@onlymattjohnson@indieweb.social","true"
"@osiris687@dataplatform.social","true"
"@osiris687@dataplatform.social","true"
"@Patricia@social.vivaldi.net","true"
"@pcurd@mastodon.social","true"
"@pesse@mastodon.social","true"
"@PickiHH@mastodon.social","true"
"@piggyinbio@piggy.to","true"
"@pr@hachyderm.io","true"
"@pshore73@dataplatform.social","true"
"@Purple_Traci@tech.lgbt","true"
"@rakyll@m.rakyll.org","true"
"@rharmsen@mastodon.nl","true"
"@RichardHopton@sfba.social","true"
"@richcampbell@mastodon.social","true"
"@rightincode@mastodon.world","true"
"@ro1o@chaos.social","true"
"@road42@mastodon.green","true"
"@robclenshaw@mastodon.online","true"
"@robf@mas.to","true"
"@ruby_gem@mastodon.social","true"
"@rune@techhub.social","true"
"@ruthpozuelo@techhub.social","true"
"@Sam@ecoevo.social","true"
"@samcogan@hachyderm.io","true"
"@sarekofvulcan@mastodon.cloud","true"
"@scalablecory@dotnet.social","true"
"@ScaleOvenStove@mastodon.online","true"
"@ScottSewell@techhub.social","true"
"@ScottStonehouse@hachyderm.io","true"
"@scrambledheads@hachyderm.io","true"
"@seanholm@fosstodon.org","true"
"@SeekAndDestroy@mastodonapp.uk","true"
"@SFoskett@techfieldday.net","true"
"@shorinsean@infosec.exchange","true"
"@siberian@hachyderm.io","true"
"@simon@fedi.simonwillison.net","true"
"@sjkilleen@mastodon.social","true"
"@sladescross@toot.community","true"
"@smed@mastodon.social","true"
"@SOZDBA@techhub.social","true"
"@spolsky@blackrock.city","true"
"@sporri@vivaldi.social","true"
"@SQLAllFather@techhub.social","true"
"@SQLBek@techhub.social","true"
"@SQLBits@dataplatform.social","true"
"@SQLClause@dataplatform.social","true"
"@Sqlgene@techhub.social","true"
"@sqljuju@dataplatform.social","true"
"@sqlpedro@mas.to","true"
"@SQLSevorg@dataplatform.social","true"
"@SQLSocialite@techhub.social","true"
"@SQLSwimmer@dataplatform.social","true"
"@sqlunicorn@techhub.social","true"
"@sqlworldwide@techhub.social","true"
"@stecava@mastodon.uno","true"
"@Stephenoakman@mastodon.social","true"
"@steveoconnor@c.im","true"
"@SteveSyfuhs@hachyderm.io","true"
"@stuartleeks@fosstodon.org","true"
"@susanbradley@infosec.exchange","true"
"@synkdorbit@masto.ai","true"
"@sysadmindrew@tech.lgbt","true"
"@tastapod@mastodon.social","true"
"@tedneward@hachyderm.io","true"
"@Tfreedman@dataplatform.social","true"
"@th_p@muenchen.social","true"
"@TheCrazyDogLady@indieweb.social","true"
"@tmitch@mastodon.social","true"
"@tonehansson@mas.to","true"
"@transmokopter@dataplatform.social","true"
"@travi@skrimmage.com","true"
"@trendoid@fosstodon.org","true"
"@troyk@techhub.social","true"
"@TrueNorthDBA@mstdn.ca","true"
"@tschwaab@tyrol.social","true"
"@venzann@mastodon.nz","true"
"@ves@mastodon.online","true"
"@vexx32@toot.cat","true"
"@vickyharp@mas.to","true"
"@Vino_Symposium@techhub.social","true"
"@VolkerBachmann@dataplatform.social","true"
"@Warwick_Rudd@mas.to","true"
"@webprofusion@hachyderm.io","true"
"@wf@mastodon.social","true"
"@williamd@dataplatform.social","true"
"@wiseDATAman@dataplatform.social","true"
"@YetAnotherSQL@noc.social","true"
"@KendraLittle@mastodon.cloud","true"
"@cl@tech.lgbt","true"